Email;Nom;Prenom;Societe;Adresse;Ville;Code Postal;Telephone;ID
maggie07@example.net;Pasquier;Henriette;Carre Bertrand SARL;31 chemin de Rodrigues;Mercier;66062;0561981479;1200
fredericlombard@example.org;Breton;Celine;Pires S.A.S.;67 boulevard de Lucas;Dupuis;07426;05 58 33 48 50;1201
perrotnoel@example.com;Raymond;Constance;Boucher et Fils;426 boulevard de Lemonnier;Turpin;66067;0372374183;1202
zverdier@example.net;Briand;Lucas;Gaudin;80 avenue de Ferrand;Pereira;08454;0516672935;1203
gerardtimothee@example.com;Fischer;Gabrielle;Paul;chemin Marguerite Marty;Renaud;32266;+33 1 39 95 94 07;1204
laurencefoucher@example.com;Gauthier;Olivie;Guerin;77 rue Weiss;Berthelot;80457;+33 4 72 36 26 24;1205
patricia00@example.com;Leroux;Veronique;Petitjean Peron SA;3 chemin de Valentin;Lefort;20315;+33 5 64 81 25 50;1206
andreebonnin@example.net;Germain;Christelle;Lacroix et Fils;31 rue Laurent;Descamps-la-Foret;70283;02 46 65 31 56;1207
garcialorraine@example.com;Leroux;Audrey;Boulay;chemin Goncalves;Hamel;15866;04 11 05 18 83;1208
isaac12@example.net;Maillet;Alice;Ledoux;37 chemin Blin;Rocher;32311;0493954370;1209
hhumbert@example.org;Marques;Gregoire;Blin;1 avenue Weiss;Brun;85282;0587300458;1210
mariefernandes@example.net;Mace;Bernard;Marchal Benard S.A.S.;47 rue Humbert;Valentin;31490;+33 (0)2 51 82 20 81;1211
louisnathalie@example.net;Begue;Aurore;Grenier;43 boulevard Fournier;PeronBourg;36377;+33 2 55 26 89 00;1212
vlebreton@example.com;Wagner;Marcel;Dias;863 rue Alfred Seguin;MorenoBourg;52773;04 13 24 20 23;1213
maggiechartier@example.com;Diaz;Roland;Baron S.A.S.;47 boulevard Victor Lamy;Moreno;96326;03 58 51 12 08;1214
isaaccosta@example.com;Lucas;Claudine;Goncalves Mallet S.A.;55 chemin Jeanne Bailly;Saint GabrielleVille;23059;+33 (0)2 76 34 96 44;1215
martineaugilles@example.com;Andre;Bernadette;Andre;34 rue Josephine Pierre;Monnier;41636;03 87 63 32 99;1216
ggodard@example.com;Mathieu;Alex;Martin Bernier S.A.;80 rue de Foucher;Jourdan-sur-Faure;55502;+33 3 70 87 98 66;1217
coulonrenee@example.net;Leveque;Laurent;Gomes;chemin Millet;Adam-sur-Mer;77015;02 62 46 07 15;1218
lucallain@example.com;Guichard;Celine;Barbe;460 boulevard Foucher;BernierBourg;45919;+33 (0)4 15 65 34 01;1219
pevrard@example.net;Allard;Diane;Bouchet;11 boulevard de Da Silva;Couturier;05599;02 58 81 84 42;1220
berthelotmarianne@example.net;Chevalier;Isabelle;Langlois;23 boulevard de Descamps;Legros;19345;0519577450;1221
torreschristophe@example.org;Dos Santos;Olivie;Roche;rue de Techer;Saint Nath;41097;0231941619;1222
jrenaud@example.com;Bourdon;Sylvie;Vallee;52 rue Victoire Marchand;Guilletdan;22410;04 88 60 92 31;1223
teixeiravalerie@example.com;Launay;Chantal;Schmitt Gregoire SARL;286 avenue Lefevre;Godard;05398;+33 (0)1 45 04 84 41;1224
kgay@example.net;Marechal;Brigitte;Sauvage;748 avenue Aurore Baron;Raymond-sur-Mer;57273;05 18 73 12 04;1225
benoithubert@example.com;Hernandez;Lorraine;Lenoir Marie S.A.R.L.;816 boulevard Traore;Delorme-les-Bains;10197;+33 (0)2 47 40 38 57;1226
guillonadrien@example.com;Auger;Michelle;Martins;237 boulevard Moulin;Leclerc-sur-Gaudin;75035;+33 2 57 34 11 43;1227
nbonnet@example.com;Carpentier;Dorothee;Grenier;14 rue de Brunel;Saint Daniel-la-Foret;65468;+33 (0)3 54 34 34 41;1228
poulaindenis@example.org;Dubois;Stephanie;Lebreton;40 chemin de Roussel;MonnierBourg;45462;+33 (0)3 85 19 23 49;1229
lcarlier@example.com;Gros;Christine;Tanguy S.A.;362 rue de Wagner;Gillet;86592;0366726169;1230
nicolasperon@example.com;Rey;Laurent;Merle;rue Alain Perret;Laurent;75437;04 74 17 76 78;1231
guillouadele@example.org;Martinez;Olivie;Dupuy Dupre SARL;63 boulevard Colette Poulain;Carre;95079;+33 4 90 33 98 02;1232
thomasnoel@example.net;Michaud;Suzanne;Bernier;41 chemin Louis;Bouvier;46884;+33 (0)1 69 95 94 24;1233
lagardenoel@example.org;Ollivier;Elodie;Colas;47 rue Julie Lopez;Lemaitre;68569;+33 4 82 45 94 26;1234
alvesemilie@example.net;Schmitt;Juliette;Lebreton Colin SA;87 boulevard de Camus;Martin;63996;0262404165;1235
henriette98@example.com;Pires;Hortense;Chauvin;32 boulevard de Traore;Giraud-sur-Tanguy;33605;0386710738;1236
susanmathieu@example.org;Gay;Ines;Michaud;5 rue Jeanne Diallo;Germain;97664;+33 (0)4 98 79 67 60;1237
guillaume72@example.org;Roy;Rene;Brun;83 rue de Pierre;Diaz-la-Foret;50113;05 59 41 41 72;1238
nrobin@example.com;Gimenez;Margaud;Mathieu;24 rue de Millet;Guillaume-la-Foret;84985;+33 (0)2 90 82 46 79;1239
honore53@example.com;Brun;Timothee;Bigot et Fils;623 avenue de Martinez;Aubert;57393;+33 (0)2 69 28 49 45;1240
xdufour@example.net;Olivier;Susanne;Francois Becker S.A.S.;chemin Martins;Guerin;28894;0489230688;1241
gregoireadam@example.net;Lemonnier;Monique;Leclerc Bernier et Fils;98 rue de Albert;Saint Lucas-sur-Mer;02683;03 22 54 93 48;1242
victoire24@example.com;Lebon;Pierre;Klein;869 avenue Juliette Hoarau;Giraud;88678;+33 2 96 98 68 40;1243
richard66@example.com;Delannoy;Pauline;Lopez;rue de Baudry;Menard;67785;+33 (0)5 16 54 20 21;1244
qperez@example.net;Tanguy;Andree;Coste S.A.R.L.;rue de Dumas;Sainte Theodore-les-Bains;15008;+33 5 62 46 71 29;1245
cclerc@example.net;Robert;Susan;Delattre Laporte S.A.S.;90 chemin Rey;Lombard;69366;+33 (0)1 73 29 29 24;1246
renecourtois@example.org;Labbe;Honore;Ferrand;981 avenue Letellier;Simon;74907;0594420165;1247
gramos@example.org;Thibault;Christophe;Salmon;598 rue Lesage;Voisin;26655;03 70 86 74 93;1248
aimee97@example.com;Gilles;Richard;Dumas S.A.;82 chemin Louis;WeberVille;42060;+33 (0)5 67 40 10 81;1249
ppascal@example.net;Guichard;Mathilde;Normand Coste S.A.S.;26 chemin Chretien;Adam-la-Foret;38120;+33 4 15 12 44 98;1250
pagestheodore@example.net;Guillaume;Remy;Grenier Da Costa et Fils;6 chemin Constance Fabre;Normand;06845;0241045869;1251
ifontaine@example.org;Marty;Theodore;Bodin;boulevard Raymond;Bonnet;40357;+33 8 04 76 32 79;1252
blancgilbert@example.com;Meunier;Valerie;Bruneau Barthelemy S.A.;25 boulevard Caron;Cordier;14868;+33 5 87 06 07 67;1253
valletmargaret@example.net;Nguyen;Nicolas;Germain SARL;55 boulevard Huet;Morin-la-Foret;25509;0149408024;1254
danielle48@example.com;Godard;Margot;Brunet;77 rue Lenoir;Rossi;95169;+33 1 47 08 14 52;1255
pierreda-costa@example.com;Blin;Edouard;Da Costa;avenue Neveu;Thierry;06502;0516495447;1256
philippe82@example.org;Lacroix;Luc;Sauvage et Fils;224 chemin Pasquier;Maury;89827;+33 (0)5 87 97 38 61;1257
aubryjacqueline@example.com;Launay;Isaac;Dupont Allard S.A.S.;247 rue Mace;Lebon;46720;0328685483;1258
honorehebert@example.net;Jacob;Celine;Peron;1 avenue Mathilde Michaud;Saint Camille;59349;05 46 08 37 62;1259
franckriviere@example.com;Charrier;Marine;Blanc SA;avenue Couturier;Gilles;32910;01 34 81 35 63;1260
vpinto@example.net;Barbier;Benjamin;Mary Gallet S.A.S.;4 rue Paul;Bonnetnec;28643;+33 4 20 61 15 28;1261
claudinehubert@example.net;Cordier;Richard;Riviere S.A.R.L.;115 chemin Sylvie Seguin;Francoisdan;58375;+33 (0)2 14 78 46 54;1262
veroniquemoulin@example.org;Adam;Brigitte;Marchand;97 avenue Michel Wagner;MeyerBourg;27501;0241154394;1263
schneideranouk@example.net;Berger;Paulette;Gosselin;80 rue Susanne Durand;Chartier;09735;03 89 07 48 02;1264
rene25@example.net;Michel;Oceane;Lefebvre;47 rue Alice Poulain;Saint Victoire;04924;+33 (0)2 62 21 28 68;1265
josephine05@example.net;Guibert;Gabrielle;Clerc;boulevard Charlotte Lebon;Sainte Carolineboeuf;51967;+33 5 90 82 06 61;1266
camille87@example.net;Chretien;Maryse;Voisin;66 avenue Michelle Leger;Sainte Michelleboeuf;21489;0299055862;1267
philippe78@example.org;Moreno;Marianne;Dumont et Fils;3 boulevard de Dubois;Saint Etienne;11578;0495125156;1268
emmanuellebouchet@example.net;Boutin;Alain;Hardy Picard SARL;rue Luce Lefevre;Sainte Louise;57834;0327405559;1269
annemorel@example.net;Pottier;Marine;Diallo;63 rue Caroline Fouquet;HerveBourg;40869;+33 (0)4 95 79 79 59;1270
claudine18@example.org;Descamps;Thomas;Parent;76 boulevard de Bigot;Blanc;14010;+33 1 41 48 12 83;1271
lucyolivier@example.com;Lemonnier;Gerard;Mahe;41 rue Zacharie Hubert;Begue-sur-Mer;74745;0173649790;1272
charleschristelle@example.com;Picard;Elisabeth;Barbier Garnier S.A.;43 avenue de Renaud;Rossi;27464;0415666108;1273
stephanie80@example.com;Diallo;Stephane;Traore;19 rue de Gillet;Allain;87757;02 23 98 73 63;1274
raymond37@example.com;Boutin;Caroline;Lopez Delahaye SARL;34 rue de Benoit;Perret;83736;0387439840;1275
gomezelise@example.org;Mercier;Luc;Lacombe;rue de Navarro;Martins-la-Foret;56003;0164419840;1276
jhoareau@example.net;Mallet;Charles;Blondel;9 boulevard Chantal Descamps;Adam-sur-Baudry;50418;0352818089;1277
emenard@example.com;Marchal;Alice;Fernandes S.A.R.L.;20 rue de Vaillant;Fleurydan;86722;+33 1 43 86 10 89;1278
hamonceline@example.com;Payet;Tristan;Vincent;61 avenue de Fernandez;Boyer;75085;01 79 24 19 06;1279
allainauguste@example.com;Fernandez;Margaret;Cousin;3 rue Blanchard;Joly;19132;05 61 77 37 44;1280
bourdonhenri@example.com;Jean;Antoinette;Ollivier SARL;75 avenue Lagarde;DanielBourg;89015;02 40 35 97 30;1281
mauriceroger@example.net;Marin;Martine;Lagarde;69 chemin Capucine Begue;Lambert-sur-Bernard;98533;+33 (0)5 62 03 31 65;1282
kdiallo@example.net;Ruiz;Thibaut;Lemoine;37 rue Jacques Boulanger;Saint Alphonse;55790;0565222596;1283
david31@example.com;Poulain;Elodie;Langlois et Fils;73 rue Marion;Diasdan;50272;+33 2 14 28 66 93;1284
margotleleu@example.org;Legrand;Christophe;Da Costa;5 chemin Lemaire;Sainte Adrien;46253;+33 (0)2 97 53 52 60;1285
allardroland@example.org;Nicolas;Christelle;Perez S.A.;44 rue Thibaut Huet;Pinto;27982;0235042322;1286
emilie85@example.org;Lamy;Benoit;Georges;avenue Ollivier;Sainte Benoit;35956;+33 3 72 22 34 37;1287
lorrainefontaine@example.com;Fouquet;David;Marchand;101 rue de Leleu;Guyot;33924;+33 8 07 45 52 48;1288
duvalmadeleine@example.org;Delannoy;Nath;Gilbert;53 avenue Adam;Dias;40090;04 43 31 04 56;1289
pgrondin@example.net;Brun;Marc;Hernandez;55 rue Marcel Noel;Dijoux;86087;0478629743;1290
xdubois@example.org;Tanguy;Augustin;Begue;45 avenue Luc Dumont;Boyer-sur-Philippe;30489;0545405136;1291
adelaidehoareau@example.net;Garcia;Thibault;Leclercq;37 boulevard Paul Sanchez;MassonVille;80464;04 38 67 80 59;1292
noemi13@example.net;Ledoux;Gabrielle;Godard;43 boulevard Georges;Roy-la-Foret;63341;0174185873;1293
suzannehoareau@example.com;Hubert;Nathalie;Pons;rue de Schneider;Baillydan;63371;+33 (0)5 58 32 50 63;1294
gpetit@example.net;Bodin;Hugues;Moreno Techer S.A.R.L.;9 avenue de Arnaud;MarinBourg;81075;02 19 30 39 01;1295
ebouvier@example.com;Dufour;Honore;Texier Le Gall SA;rue de Charrier;Saint Joseph;40084;05 33 05 22 42;1296
margaux05@example.com;Garnier;Guy;Prevost;11 chemin Roland Turpin;Guillet;58617;0169585726;1297
pdelannoy@example.org;Pottier;Lucas;Rolland;36 avenue Ruiz;Saint Arnaudeboeuf;52653;+33 (0)1 70 24 69 10;1298
josette23@example.org;Philippe;Thierry;Blin;boulevard Martin Prevost;Faurenec;45982;+33 (0)2 31 47 99 92;1299
remyemmanuelle@example.org;Gauthier;Alex;Herve SA;72 rue Bourgeois;Saint Franck;60352;+33 3 26 36 04 74;1300
roussetanastasie@example.com;Maillard;Richard;Bourdon SA;69 rue Boucher;Mathieu;23900;+33 (0)3 39 20 62 29;1301
jvincent@example.com;Paris;Caroline;Loiseau et Fils;79 avenue de Roussel;Roche-la-Foret;16858;04 26 85 26 22;1302
anoukbourgeois@example.net;Guillon;Francoise;Boucher;69 rue Paulette Parent;Saint Susanboeuf;27444;05 86 70 14 41;1303
manon28@example.net;Vallee;Matthieu;Brunel;boulevard Renaud;Texier-sur-Faivre;35354;+33 (0)5 49 06 04 20;1304
massestephane@example.net;Rousset;Brigitte;Marchal S.A.;38 rue Charrier;Lacombeboeuf;12970;0276982956;1305
didierhenriette@example.net;Mendes;Veronique;Pruvost;rue Bernard Chevalier;Vallee;72892;+33 4 81 78 89 29;1306
fleurymarianne@example.net;Teixeira;Adrien;Benoit;38 avenue Fernandez;Fontaine-sur-Moreno;58630;0276619251;1307
noemi06@example.com;Collet;Genevieve;Richard SA;945 boulevard Roger Dumas;Muller;74957;02 57 31 62 94;1308
remy28@example.com;Diaz;Denis;Bernier Seguin S.A.;557 chemin Raymond Marques;Perrier-sur-Mer;96505;01 47 83 97 93;1309
godardhenri@example.com;Godard;Marthe;Foucher SARL;99 avenue Eleonore Delannoy;Dumas;19106;03 76 37 43 37;1310
renee51@example.com;Maurice;Nathalie;Grondin Marion S.A.;346 boulevard Rolland;Le Gall;42740;05 54 26 96 00;1311
guillaumemargot@example.org;Charpentier;Alexandre;Lefebvre S.A.R.L.;86 boulevard Allard;Antoine;74078;+33 (0)4 22 33 37 57;1312
courtoiscaroline@example.net;Rey;Francoise;Besson;86 rue de Menard;Godard;87858;+33 (0)1 47 99 72 40;1313
robertpaul@example.net;Blanchard;Benjamin;Blondel;44 rue Riou;Richard;49295;+33 3 58 58 93 27;1314
guillotrichard@example.net;Garnier;Camille;Masson;31 rue Virginie Delahaye;Gerard;19819;+33 (0)3 79 20 31 17;1315
jpineau@example.com;Bouchet;Dominique;Richard Picard S.A.R.L.;851 avenue Martins;BrunetVille;06799;+33 (0)4 69 30 41 52;1316
xdubois@example.org;Chartier;Claire;Merle;95 rue Margaret Renard;Jeandan;11399;+33 (0)1 55 00 91 96;1317
louisgerard@example.com;Weber;Nathalie;Roger;63 rue de Millet;Cohen;51712;+33 (0)1 64 20 39 34;1318
grosarnaude@example.com;Joseph;Charlotte;Sanchez;boulevard Boutin;Saint Thibautboeuf;76257;+33 (0)2 35 75 94 27;1319
chenry@example.org;Boutin;Robert;Mallet;53 chemin de Teixeira;Gerard;08218;0359609735;1320
iparent@example.org;Faivre;Pierre;Pruvost Roche et Fils;26 rue Mendes;Wagner;16847;+33 1 53 78 04 55;1321
dominique25@example.com;Garnier;Philippine;Weiss;146 rue Emile Bourdon;Guillon;43335;+33 (0)3 25 18 62 52;1322
umaurice@example.net;Ramos;Amelie;Hoareau S.A.R.L.;974 avenue de Evrard;Navarro-les-Bains;41535;03 61 78 86 97;1323
elodie81@example.org;Ferrand;Laure;Leconte;64 boulevard Patrick Wagner;Torres;19911;0434013930;1324
francoisbruneau@example.com;Labbe;Michelle;Gauthier Denis S.A.R.L.;908 rue Merle;Sainte Louise-la-Foret;15412;+33 (0)3 79 63 49 55;1325
andre66@example.net;Weber;Celine;Chevalier SA;891 chemin de Pichon;Parent;14018;+33 (0)3 29 13 94 26;1326
daniellerousset@example.org;Pelletier;Gabriel;Baudry;71 boulevard Honore Masse;Louis;20456;05 34 19 58 55;1327
susanne15@example.com;Briand;Antoinette;Da Costa SA;avenue Francois;Saint Pierre-sur-Mer;61901;+33 (0)1 30 98 03 45;1328
xaviercouturier@example.org;Schneider;Sabine;Valentin SARL;62 boulevard Auguste Dumas;Saint StephaneBourg;17050;0781256894;1329
barredaniel@example.net;Joubert;Theophile;Wagner;87 rue Gabrielle Carlier;Sainte Sebastien;76657;+33 (0)5 87 92 85 04;1330
ebertrand@example.net;Gomez;Suzanne;Paul Moreno SA;avenue Zacharie Garcia;BoulangerVille;10537;0290590750;1331
suzanne60@example.org;Ruiz;Gilles;Maillot;795 chemin Helene Guibert;Riou;02377;+33 (0)4 63 69 74 96;1332
alexroussel@example.com;Olivier;Roger;Guillou Charles S.A.R.L.;49 rue Alexandrie Baron;Saint Antoinette;92675;0298685089;1333
gilbertclaudine@example.org;Leroy;Edith;Thierry;559 chemin Peron;Dupuis-sur-Mer;87156;+33 (0)3 75 11 24 93;1334
andreemary@example.net;Auger;Audrey;Lambert SA;66 boulevard Laetitia Mary;Maillot-la-Foret;43702;05 47 51 42 28;1335
denisepires@example.com;Pierre;Benjamin;Dijoux;22 boulevard Amelie Guilbert;Carlier-sur-Bousquet;78783;0257492322;1336
cdubois@example.net;Weiss;Maggie;Benoit;36 boulevard Laurence Lecoq;Marin-sur-Mer;51432;02 56 08 92 50;1337
margotadam@example.net;Vasseur;Ines;Lemaitre SA;2 rue Claude Marty;Ribeiro-sur-Adam;39287;+33 (0)5 56 79 96 00;1338
ycohen@example.com;Poulain;Therese;Hubert;50 rue de Dos Santos;Sainte Agathe-sur-Mer;06196;0344042490;1339
vmasson@example.org;Rodrigues;Cecile;Barbier Bernard S.A.;chemin de Gauthier;Gregoiredan;61468;0179811931;1340
mahejulie@example.net;Blanc;Jacqueline;Garcia;chemin Mary;Caron-sur-Mer;85336;01 72 81 83 19;1341
etiennemendes@example.net;Leger;Henri;Lenoir S.A.S.;1 chemin Maillot;Duhamel-sur-Mer;83242;+33 4 44 21 99 08;1342
lorraine75@example.net;Marin;Jacques;Joubert;14 boulevard de Pottier;Guillot-sur-Mer;37351;+33 (0)3 84 25 12 60;1343
berthelotauguste@example.net;Masson;Hortense;Arnaud S.A.S.;22 rue de Barthelemy;Roux;05208;+33 (0)5 34 80 86 58;1344
navarrolorraine@example.org;Poulain;Anne;Couturier S.A.S.;3 rue Alphonse Mallet;Henry-sur-Traore;88026;+33 (0)3 58 98 97 02;1345
stephane81@example.com;Bourdon;Margaret;Dupont Vasseur SA;76 avenue de Laine;Moulin;43371;0345840141;1346
qrocher@example.org;Jourdan;Margaret;Bertin et Fils;79 avenue Martine Blondel;Olivier;77374;+33 (0)4 65 49 68 85;1347
marycelina@example.net;Tessier;Jean;Allain S.A.;74 boulevard Stephanie Diaz;Saint Denisnec;39137;04 93 94 01 46;1348
hgimenez@example.net;Mallet;Juliette;Barre Gaillard S.A.;65 rue de Blin;Martineau-sur-Mer;56999;+33 1 82 08 56 44;1349
marctexier@example.org;Le Gall;Gabriel;Cousin Petitjean SA;chemin Robert;Macedan;20117;0182290857;1350
kleinjosette@example.com;Leconte;Anouk;Dos Santos;34 avenue de Morin;Aubert;85289;0328859105;1351
tristan46@example.net;Imbert;Chantal;Robert S.A.S.;446 rue Poulain;Dos Santos;23824;+33 5 32 16 33 72;1352
astridlucas@example.com;Didier;Alex;Rodrigues;686 rue Maryse Charles;Masse-sur-Chauvet;31298;03 82 20 00 94;1353
emmanuelle17@example.org;Simon;Alix;Noel SA;55 boulevard Millet;Saint Anastasie-la-Foret;35913;+33 (0)4 34 09 29 20;1354
lefebvremarine@example.com;Duval;Alexandre;Garnier Buisson et Fils;3 chemin de Schmitt;BegueBourg;04800;0430763804;1355
turpinlucy@example.net;Blanchet;Julie;Barre;rue de Colas;Vidal;48879;03 22 48 03 86;1356
tristanrodrigues@example.org;Royer;Franck;Guillaume SA;69 avenue Diallo;Grenier;30467;+33 4 86 75 07 87;1357
virginiecarre@example.org;Noel;Noemi;Turpin;17 rue Alexandrie Meyer;Pagesnec;22303;+33 (0)1 78 25 91 68;1358
tmendes@example.org;Jacquet;Michele;Robin;chemin Alexandria Bertrand;MauriceVille;21967;+33 4 80 22 92 64;1359
rene86@example.org;Rodrigues;Oceane;Pages Coulon SA;rue de Brunel;ChretienBourg;84659;+33 (0)2 40 25 78 69;1360
gautierbernadette@example.com;Delmas;Charles;Godard;rue Francois Rocher;Saint Mathilde;96089;03 69 92 33 95;1361
gilles76@example.net;Millet;Madeleine;Marechal;avenue de Vaillant;Simonboeuf;61647;02 45 91 43 30;1362
cletellier@example.com;Colas;Charlotte;Salmon;4 rue Claire Ledoux;Lemonnier;03559;0237674443;1363
michellejourdan@example.net;Marechal;Alexandre;Fouquet Marchand S.A.;26 rue de Renard;Brunet;06799;0463793323;1364
webergilles@example.org;Levy;Hortense;Fournier;80 avenue Catherine Valentin;Saint Frederique-les-Bains;47861;+33 3 81 02 96 59;1365
chantalpierre@example.org;Fontaine;Robert;Leroux;80 boulevard Zacharie Pottier;Regniernec;74539;+33 2 14 91 75 86;1366
thierrybaron@example.com;Fernandez;Patrick;Reynaud Faivre SARL;chemin de Collet;Baron;82001;+33 (0)5 49 93 39 28;1367
genevievemorvan@example.net;Paul;Antoine;Bazin et Fils;801 avenue Pierre Klein;De Sousa-sur-Sauvage;00567;0234521739;1368
denise71@example.net;Dupre;Alix;Fleury Alexandre S.A.R.L.;691 boulevard Lacombe;Saint Corinne;59281;+33 2 21 05 04 63;1369
royerodette@example.net;Clement;Philippine;Blondel;rue Guillaume;Evrardnec;09646;+33 5 33 07 60 43;1370
louiseweber@example.net;Bousquet;Philippine;Brun;48 chemin Francois Jean;Dupontdan;26126;0467880750;1371
umarques@example.net;Ferreira;Amelie;Chartier S.A.S.;34 chemin Alain Techer;Sainte Timothee;91395;+33 4 23 29 70 02;1372
aimee08@example.net;Le Roux;Pauline;Delorme;6 boulevard Bertrand Cordier;Guilbert-les-Bains;91898;+33 (0)1 81 84 92 21;1373
margueritejoubert@example.net;Maurice;Laetitia;Hardy et Fils;15 rue Andree Delorme;Brunel;05405;+33 (0)1 41 06 16 08;1374
colletnoel@example.org;Rousset;Guillaume;Fontaine;chemin Wagner;Charpentier;28935;04 42 90 27 55;1375
xturpin@example.org;Torres;Margaux;Fischer;55 rue de Maillet;Seguindan;80340;0508639803;1376
sophie70@example.org;Vallee;Adrien;Delmas Martel SA;256 boulevard Coulon;Begue-sur-Bruneau;79256;0381013690;1377
guillotcamille@example.net;Lefebvre;Ines;Adam S.A.S.;41 rue Roland Briand;Robinnec;95287;+33 4 49 70 11 88;1378
hauger@example.net;Lebrun;Mathilde;Morel;588 rue Lopez;Caronnec;96453;0547315403;1379
jules39@example.org;Laporte;Luc;Coste;81 rue de Collet;Sainte Marc;57766;+33 4 22 25 65 79;1380
roger26@example.org;Maillard;Margaud;Rocher;chemin de Fournier;Da Costaboeuf;55341;0555063793;1381
marchalmargaux@example.org;Hebert;Sebastien;Moulin S.A.S.;61 boulevard Roger;Rochedan;59592;0235824080;1382
bernard77@example.net;Bonnet;Eugene;Fabre;51 rue de Georges;Pereira-sur-Mer;13592;01 60 14 22 48;1383
cordiereugene@example.com;Breton;Eric;Allard Menard SA;886 rue Clemence Denis;Sainte Christophe-les-Bains;40612;0323296961;1384
celina72@example.com;Brunel;Guillaume;Allard Hernandez SA;chemin de Joseph;Poirier;72981;05 96 74 86 79;1385
vaillantmadeleine@example.org;Allard;Sebastien;Boyer;rue Vasseur;Macenec;89548;03 22 89 76 09;1386
philippelaurent@example.net;Pineau;Leon;Riviere;4 chemin Hebert;Lagarde;99593;+33 3 61 42 22 67;1387
levymichel@example.com;Roy;Nathalie;Coulon Torres S.A.R.L.;38 rue Laurence Guillaume;Chauvet-sur-Descamps;06802;+33 (0)3 28 83 89 88;1388
picardalexandrie@example.org;Robert;Agathe;Philippe;87 rue Margot Mallet;DelahayeBourg;32069;0389387632;1389
andree98@example.com;Gallet;Julien;Gallet;4 boulevard Michelle Dos Santos;Garcia-sur-Pereira;21460;0549820295;1390
andremartins@example.net;Letellier;Raymond;Roussel;47 chemin de Perrier;Sainte Denis;32579;+33 1 77 74 86 54;1391
victoire08@example.org;Mahe;Guillaume;Navarro SARL;490 chemin Lacroix;Royer-sur-Noel;57887;+33 (0)5 86 75 91 02;1392
alice61@example.org;Lucas;Alexandria;Gaillard;rue Raynaud;Hoaraunec;64186;+33 1 77 47 40 81;1393
constance91@example.net;Bertrand;Vincent;Lecoq;676 avenue Monnier;Delmas;59020;04 95 20 07 13;1394
charlottelucas@example.com;Hoareau;Jacques;Benoit SARL;73 rue Picard;De Oliveira-les-Bains;50527;0535980242;1395
josephine32@example.org;Bernard;Hugues;Grondin;117 boulevard Daniel Lebrun;Sainte Ines;80005;+33 (0)5 57 98 36 66;1396
timothee44@example.com;Leger;Madeleine;Weber Giraud S.A.;437 chemin Lucie Barbier;Lambert;35579;+33 5 94 74 57 11;1397
georges62@example.org;Barre;Alexandrie;Albert Riou et Fils;6 rue Leroux;Lopes-sur-Mer;88237;+33 1 70 57 35 09;1398
margaudbegue@example.org;Millet;Maryse;Valette;64 rue Emile Michel;Aubrynec;73130;+33 (0)4 88 17 50 43;1399
aroy@example.net;Leroux;Laurent;Humbert;8 avenue Sanchez;Louis-sur-Cousin;55933;04 73 99 42 59;1400
danielleleblanc@example.org;Gilbert;Andre;Lemaire;602 chemin Barbe;LaunayBourg;66126;04 87 24 36 04;1401
louis62@example.org;Arnaud;Roger;Vidal;3 rue Gauthier;Saint Valerie;25840;02 33 46 30 50;1402
blotrobert@example.net;Laroche;Josephine;Jacques;chemin de Breton;Saint Celineboeuf;26116;0320728663;1403
anais07@example.com;Auger;Patricia;Didier;55 rue de Joubert;Charrierboeuf;47721;05 36 57 56 28;1404
dperrot@example.com;Dumas;Louis;Bigot Lenoir SA;98 rue Dupre;MerleVille;67515;0590965801;1405
lopezdaniel@example.net;Pichon;Eugene;Collet Rolland et Fils;8 avenue de Didier;Daniel;18988;0170588899;1406
claire62@example.net;Guillet;Auguste;Boulay Leclerc et Fils;88 rue Aime Meyer;RocheVille;87309;+33 (0)3 63 59 82 14;1407
fouquetelise@example.net;Ollivier;Therese;Fleury Mendes S.A.R.L.;492 avenue Sylvie Lacroix;Rocher-sur-Garcia;89115;02 22 67 83 43;1408
anouk49@example.org;Guichard;Celina;Martinez;3 avenue de Costa;Cohenboeuf;51177;0299495288;1409
darnaud@example.net;Blondel;Martin;Lagarde;89 avenue de Legros;Saint Marguerite-sur-Mer;82281;0235404393;1410
mda-silva@example.net;Ollivier;Rene;Fernandez;286 boulevard Isabelle Leleu;Sainte Benoit;78277;+33 2 57 88 93 59;1411
aurore51@example.com;Collet;Olivie;Ribeiro S.A.;2 boulevard Leleu;Sainte EleonoreBourg;58825;+33 4 86 71 36 00;1412
traoresusanne@example.org;Foucher;Zoe;Roche;50 avenue Jeannine Techer;Mercier;24281;0228988308;1413
bertrand20@example.com;Boutin;Gilbert;Martineau;45 avenue de Leduc;Saint Bernardnec;71423;+33 2 23 34 91 38;1414
rprevost@example.com;Faure;Aurore;Chretien Humbert S.A.S.;67 boulevard Patrick Begue;Gerarddan;69493;+33 (0)8 01 35 85 24;1415
lucy50@example.net;Bertin;Penelope;Verdier Roy SARL;103 avenue Thomas Blanchet;Fischer;21978;0463309999;1416
tristan52@example.net;Dufour;William;Barthelemy;7 rue Denise Lefevre;Mallet-sur-Mace;54169;+33 3 45 10 28 34;1417
legrossophie@example.net;Duhamel;Paul;Bigot Teixeira S.A.;47 avenue Emilie Reynaud;Teixeira;95492;+33 (0)5 82 07 43 34;1418
briandanne@example.com;Lebon;Helene;Roche;avenue Boyer;Saint AudreyVille;14312;05 40 71 58 74;1419
charlespaul@example.com;David;Helene;Marty Guillou S.A.R.L.;32 avenue Carre;Leroux;61655;+33 (0)4 27 64 02 24;1420
jtorres@example.org;Jacquot;Francoise;Bertrand;84 rue de Meunier;Saint Philippine-les-Bains;25786;04 69 45 84 18;1421
helenedelattre@example.com;Giraud;Agathe;Brunet Pires S.A.S.;898 chemin Benoit Morel;Sainte Noemi-les-Bains;47312;0245483717;1422
astridtorres@example.org;Delannoy;Andre;Lecoq Blot et Fils;rue Marchal;Sainte FredericVille;93347;+33 5 87 17 04 13;1423
thibautgrondin@example.com;Levy;William;Gilles Bonneau S.A.R.L.;48 rue de Foucher;Richard;85676;+33 (0)1 80 26 00 89;1424
luce02@example.org;Blot;Rene;Pasquier;49 chemin Georges Clement;Delahaye;56370;+33 2 49 62 65 52;1425
brigitte02@example.net;Lebon;Alexandria;Berthelot S.A.S.;15 chemin de Poirier;BlanchetVille;72606;02 85 66 31 64;1426
denisparent@example.net;Dupuy;Helene;Lemonnier Gauthier S.A.S.;79 boulevard Ramos;Levy;27565;01 79 48 49 67;1427
anne98@example.org;Barthelemy;Margaux;Dos Santos Perrin et Fils;84 chemin Dupuy;MartineauVille;83344;07 90 44 96 97;1428
alexandrieleleu@example.net;Remy;Celina;Roussel Schneider et Fils;7 rue de Guillon;Gomezdan;59999;+33 (0)5 31 30 33 63;1429
bguilbert@example.com;Payet;Christelle;Blanc;46 boulevard Leroy;Ramos;67807;0174036744;1430
mathilde01@example.org;Gillet;Margaux;Francois SA;60 avenue Laure Delattre;Dupre;09608;0482872034;1431
kde-oliveira@example.com;Cohen;Zoe;Texier;62 rue Maury;Saint Franckboeuf;02864;05 96 39 95 56;1432
andre56@example.net;Lefevre;Marcel;Marechal;20 rue Nicole Duhamel;Chauveau;84255;0140670670;1433
simoneleclercq@example.net;Peltier;Renee;Loiseau SARL;32 rue Baron;Sainte Theodoreboeuf;30075;03 56 19 61 90;1434
claudedelannoy@example.net;Lebon;Paulette;Poulain;chemin Vallet;Robert;28430;04 71 60 43 16;1435
maggie16@example.net;Samson;Lorraine;Hubert;10 rue Adelaide Leleu;Dos Santosnec;55081;+33 3 73 08 62 47;1436
bernard44@example.org;Thierry;Aimee;Lemaitre Baron SA;90 rue Alexandrie Gaudin;Millet-sur-Mer;29392;+33 (0)2 90 40 05 35;1437
ddijoux@example.com;Pierre;Marie;David et Fils;73 chemin Pascal;Sainte Susan;96474;+33 (0)1 46 78 95 44;1438
llaurent@example.org;Valentin;Antoinette;Antoine Marin S.A.;avenue Paul Morin;Merle;29736;0386436693;1439
dorothee75@example.com;Dumas;Maggie;Hamel Rey S.A.R.L.;80 rue de Barthelemy;Marion-sur-Petitjean;04977;+33 (0)3 80 24 49 79;1440
margueriteberthelot@example.com;Pons;Timothee;Gillet Fernandez S.A.S.;37 rue Grondin;Sainte Emmanuel-les-Bains;50023;+33 4 89 33 10 97;1441
vroux@example.com;Dupuis;Marcelle;Duval;2 boulevard Henri Perrin;Fouquet;62975;03 62 40 86 38;1442
alexandrie11@example.com;Boutin;Francois;Humbert S.A.S.;91 avenue de Joly;Sainte Emmanuelle;97768;+33 (0)2 61 44 00 35;1443
michelle55@example.com;Renaud;Claude;Bousquet;chemin Andree Moreno;Sainte Nathalie;34224;+33 (0)5 36 85 80 06;1444
remypons@example.net;Vallee;Christine;Carpentier;99 rue de Cordier;Barbier;43244;0173460058;1445
etiennealexandria@example.org;Roger;Yves;Marty;4 chemin de Gosselin;Hoareau;48239;0720795619;1446
iroche@example.com;Rocher;Isaac;Ribeiro Marty S.A.R.L.;41 boulevard Claude Lesage;Bonnin;02973;+33 (0)2 53 67 20 41;1447
zmarchand@example.net;Millet;Gerard;De Sousa;184 rue Robin;Sainte Eric;91023;0254226634;1448
chauvinclaudine@example.org;Couturier;Manon;Fournier Salmon S.A.R.L.;32 boulevard Margaud Roux;Auger;10507;01 75 96 61 60;1449
henryarnaude@example.com;Menard;Martine;Dupuy SARL;4 avenue de Blanchard;NavarroVille;46881;+33 (0)2 38 25 53 53;1450
christianerenault@example.com;Roux;Clemence;Gallet;70 avenue Hortense Aubert;Riou;26652;02 62 74 74 47;1451
garciaines@example.com;Pereira;Anne;Grondin;3 avenue de Martins;Guillon;67855;0473089993;1452
remydescamps@example.net;Clement;Alphonse;Dufour;49 boulevard de Charrier;Sainte Sabineboeuf;36972;05 57 47 35 80;1453
xroche@example.com;Etienne;Guillaume;Faivre;94 rue de Riviere;Aubert;63924;+33 5 56 42 05 10;1454
thibaut61@example.net;Leconte;Jules;Collet Mercier SA;909 rue de Dumas;BernierVille;47114;+33 2 19 72 67 44;1455
theophile99@example.net;Marechal;Alice;Duhamel S.A.;59 boulevard Ines Potier;PrevostBourg;89148;02 43 47 74 19;1456
penelopelebrun@example.com;Pires;Nicolas;Guillot Dupuis S.A.R.L.;175 avenue de Hamon;Besnard;02020;+33 2 32 21 83 60;1457
delmasalex@example.net;Clerc;Manon;Bourdon;94 boulevard Fleury;Martinez;62676;+33 (0)4 93 88 69 13;1458
perezwilliam@example.org;Etienne;Paul;Gillet Pierre S.A.R.L.;3 rue Sylvie Maury;Pruvost-sur-Chauveau;65529;+33 4 50 27 97 96;1459
nathalieguibert@example.net;Bousquet;Marc;Imbert Perret SA;rue de Bouvet;Bousquet;87325;03 59 88 37 81;1460
valerierocher@example.net;Huet;Pierre;Garnier et Fils;72 avenue Vallet;Saint Penelope-la-Foret;76269;05 65 10 56 57;1461
ygrondin@example.org;Gillet;Agnes;Vallee;17 rue Antoine Faure;Saint Stephane;42326;+33 (0)4 69 09 58 24;1462
diazalice@example.org;Lamy;Agathe;Laroche;avenue de Remy;Pires;82269;0367893163;1463
elise35@example.com;Gregoire;Constance;Gonzalez SA;8 rue de Richard;Maceboeuf;03534;01 74 50 86 98;1464
jacqueline41@example.net;Dumont;Maurice;Begue Philippe SA;91 boulevard de Hubert;Munozdan;95992;+33 (0)2 79 25 63 33;1465
nathaliemarechal@example.net;Gomez;Monique;Raynaud;avenue Nicolas Etienne;Sainte Joseph;32388;+33 (0)5 87 57 18 75;1466
richardtherese@example.com;Allain;Dominique;Nguyen et Fils;66 rue de Hubert;Bigot-sur-Mer;12104;0153286778;1467
edithlejeune@example.net;Dos Santos;Olivier;Bodin Navarro S.A.R.L.;3 chemin de Duval;Mallet-sur-Roux;15463;0241511549;1468
anaislopez@example.org;Gay;Eleonore;Voisin Charrier S.A.;boulevard de Pons;Dupuy;76063;0299216102;1469
mariefouquet@example.org;Marty;Susan;Lemoine;13 boulevard Gilles Perrin;Lombard;95786;+33 3 81 51 75 14;1470
adelaideremy@example.org;Mendes;Caroline;Chartier;51 rue Arthur Lefebvre;Sainte Corinne;56759;+33 3 86 38 40 51;1471
zbailly@example.com;Andre;Constance;Chauveau SARL;35 rue Henriette Maillard;Grosdan;04524;+33 (0)3 73 88 46 06;1472
martine29@example.org;Clerc;Raymond;Marchal Delaunay S.A.S.;114 chemin Philippe;Dias;19707;+33 (0)3 69 52 19 13;1473
laurentmarion@example.com;Picard;Vincent;Paris SA;480 rue Valette;JulienVille;47095;0355213759;1474
victorlucas@example.com;Coulon;Anne;Carre;10 avenue de Fernandez;Valette;42559;+33 (0)5 79 43 19 91;1475
qriou@example.com;Lemoine;Penelope;Bonneau SARL;80 rue de Launay;Saint ClaudineBourg;37893;02 55 89 19 10;1476
dumontpaul@example.com;Weber;Philippe;Gregoire Renard SA;avenue Maurice;Ribeirodan;54668;+33 (0)3 63 19 20 37;1477
cchevallier@example.com;Besson;Victor;Jean et Fils;178 avenue Thomas;Coulon;01002;05 33 45 55 27;1478
mlemonnier@example.org;Gomes;Thibault;Lelievre;1 rue Laetitia Bailly;Lejeune;08532;+33 (0)5 94 44 22 16;1479
alexsauvage@example.net;Guillon;Laure;Ruiz S.A.;20 chemin Alex Lemaire;Sainte Adrien;43863;+33 2 50 20 06 50;1480
bouchetluce@example.net;Bouvet;Marguerite;Legrand;36 avenue Collet;CoulonBourg;29838;04 77 35 41 27;1481
jclerc@example.org;Levy;Lucy;Diallo Breton SA;87 rue Blondel;Devaux;95386;+33 4 50 59 43 99;1482
frederiquesauvage@example.com;Poulain;Aurelie;Maillot SARL;80 boulevard de Nguyen;Allain;63138;0470049910;1483
audrey27@example.org;Gimenez;Audrey;Mary Adam SARL;212 boulevard Masson;Sainte Bertrand;71478;+33 1 45 95 53 03;1484
lucasroy@example.com;Leveque;Timothee;Durand;96 boulevard de Guillon;Pasquier-sur-Carlier;46398;04 43 40 27 93;1485
astridcarlier@example.com;Peron;Martin;Duval;88 avenue de Ribeiro;Dumont;60211;05 62 47 81 75;1486
cgrondin@example.org;Lagarde;Claude;Durand;4 chemin Marc Rousseau;Saint StephanieVille;47838;06 01 38 48 35;1487
eallain@example.org;Barbier;Alexandrie;Morel Moulin S.A.S.;11 rue Michelle Ledoux;Sainte Isabellenec;88993;05 33 34 41 66;1488
massonmargot@example.net;Rodriguez;Alexandria;Diallo;730 boulevard Guerin;Garnier;12056;05 96 11 37 50;1489
vdubois@example.org;Boyer;Martine;Bernier;37 avenue Berger;Maury;87492;+33 (0)5 47 04 43 54;1490
martin88@example.com;Lacroix;Dominique;Lemonnier;boulevard Isabelle Chauveau;Bertin;00915;05 57 64 33 13;1491
umaillet@example.com;Maillard;Tristan;Payet;77 rue de Couturier;Goncalves-les-Bains;36814;04 32 73 24 43;1492
martin96@example.net;Potier;Chantal;Leroy Raymond S.A.;29 rue Fournier;Vasseur-sur-Pires;09721;+33 2 69 00 15 72;1493
da-silvabenoit@example.com;Lemaitre;Dorothee;Mary;4 boulevard Barthelemy;Salmon-sur-Olivier;29256;+33 5 19 59 86 39;1494
bgarcia@example.net;Moulin;Odette;Lemoine Bernard S.A.R.L.;6 avenue de Gros;JeanBourg;11940;04 86 24 82 21;1495
eric15@example.org;Raymond;Leon;Guillet Lebon SARL;rue Andre Cousin;Fischerboeuf;11519;+33 (0)5 67 78 47 58;1496
blondelaudrey@example.com;Lecomte;Alice;Brunel Millet et Fils;21 chemin Martine Lemaire;Vaillant;71493;+33 4 92 85 76 15;1497
emiliebouchet@example.org;Caron;Marc;Legrand;rue de Olivier;De Sousa;20703;0450512746;1498
oceane46@example.net;Humbert;Helene;Maillot;60 avenue de Buisson;Barbe;70641;02 33 75 42 64;1499
bouchetgabrielle@example.com;Bourgeois;Bernard;Voisin;1 avenue Elodie Petit;Saint Capucine-la-Foret;50100;0371319734;1500
eric04@example.com;Techer;Margaud;Guibert S.A.;9 chemin Begue;RoyVille;68107;03 21 24 73 48;1501
jleroux@example.com;Girard;Camille;Lecomte S.A.S.;22 avenue Rousset;Vasseur-la-Foret;64164;+33 2 76 39 55 62;1502
perrieranne@example.net;Rousseau;Matthieu;Bertin;33 rue Bouvier;Schmitt;09310;0555049250;1503
edouardpetitjean@example.net;Lamy;Aimee;Chevalier Lamy et Fils;872 avenue Marchand;Baronnec;50151;05 18 52 62 29;1504
patricia10@example.org;Masson;Laurent;Boyer Chauvet SARL;81 rue Simone Leveque;De Oliveira;52199;+33 2 72 78 09 97;1505
rcharles@example.org;Thierry;Laurent;Didier;95 rue Couturier;Laurent-sur-Da Costa;28951;+33 (0)5 55 08 71 85;1506
mariebernard@example.org;Dupre;Andree;Bertin SARL;18 chemin Olivie Poulain;Guyot;33483;0177472654;1507
ncollin@example.net;Dupont;Gregoire;Parent Thibault S.A.R.L.;58 chemin Marion;Sainte Madeleine;94058;04 81 16 63 13;1508
simonejoly@example.net;Weber;Julien;Renard;avenue Gaudin;Sainte Margot;44825;04 26 35 82 13;1509
alexlambert@example.org;Valentin;Henri;Robert S.A.S.;921 rue Chretien;Sainte Jeanne;07557;+33 3 39 70 86 87;1510
petitlucy@example.net;Peltier;Emilie;Bernier Ferrand et Fils;73 rue de Lemonnier;Costa;66733;04 42 77 10 54;1511
calves@example.org;Moreno;Agathe;Weber S.A.R.L.;98 chemin de Julien;Alves;52556;+33 (0)2 29 55 43 41;1512
valerieauger@example.org;Dos Santos;Susan;Texier Gomez S.A.R.L.;45 boulevard Renaud;Sainte Franck-sur-Mer;38460;+33 (0)2 38 15 92 11;1513
georges37@example.org;Gallet;Aimee;Gay;77 chemin de Boutin;Clement;14961;+33 (0)4 95 00 04 57;1514
alfredlefort@example.net;Da Costa;Nicole;Fleury SA;7 boulevard de Robin;Hoareau-les-Bains;38149;0411174992;1515
patrick34@example.org;Jacob;Luc;Guillaume;650 avenue de Lesage;Mauricedan;17370;0357193857;1516
rolandmorel@example.com;Delannoy;Corinne;Lemaire;3 chemin de Dijoux;Saint JeannineBourg;38219;04 93 87 49 08;1517
procher@example.com;Poirier;Lucas;Adam;9 rue de Labbe;Saint Celine;96962;+33 (0)2 96 65 76 70;1518
mbourdon@example.com;Dijoux;Alfred;Etienne;2 rue de Voisin;Riou;52316;0475247155;1519
boyerjulien@example.com;Morel;Sylvie;Georges Menard S.A.;89 chemin Francois;Payet-la-Foret;50352;+33 3 65 05 72 74;1520
ribeiroraymond@example.net;Pinto;Nicole;De Sousa;3 rue de Louis;Masseboeuf;17657;0366508290;1521
oblondel@example.org;Cohen;Laure;Merle;208 chemin de Martineau;Mallet;35519;+33 (0)2 69 40 32 27;1522
barremathilde@example.org;Vallet;Patricia;Aubert S.A.R.L.;rue de Collin;Germain;88155;+33 (0)4 77 10 14 85;1523
remygallet@example.net;Philippe;Claudine;Pereira;19 boulevard de Wagner;Reynaud-sur-Weiss;06378;+33 3 71 87 95 35;1524
traoredenise@example.com;Menard;Zacharie;Raynaud Roy SARL;56 avenue Raymond Letellier;Charles-sur-Mer;86012;+33 (0)6 17 55 18 46;1525
nathalie04@example.org;Pages;Victor;Gonzalez;11 boulevard de Pereira;Saint WilliamBourg;95269;+33 (0)1 76 84 47 30;1526
gbourgeois@example.com;Besson;Edith;Klein et Fils;27 rue Martel;Sainte SuzanneVille;23526;+33 3 81 15 97 93;1527
dmillet@example.org;Tanguy;Edith;Brunel Hardy SARL;boulevard Goncalves;Saint RolandVille;78603;+33 4 93 31 78 54;1528
auroredelmas@example.net;Brun;Monique;Dijoux;42 boulevard Emmanuel Bouvet;Mallet;28472;+33 (0)1 88 09 54 24;1529
pleclerc@example.net;Monnier;Laure;Blondel Gerard S.A.R.L.;boulevard Roger Julien;Gaynec;96538;+33 4 92 71 11 37;1530
claudine12@example.com;Thomas;Antoine;Muller SARL;115 avenue Jacquot;Saint Marc;17266;02 53 71 37 66;1531
marc25@example.com;Nicolas;Anne;Baron S.A.S.;8 chemin de Raymond;Monnier;45996;+33 (0)1 46 09 87 48;1532
poulainines@example.com;Bernard;Anais;Leclercq;5 rue Timothee Brunet;Lambert-la-Foret;86199;+33 2 34 25 22 02;1533
delattrehelene@example.net;Dumas;Louise;Bourgeois;26 boulevard de Vincent;Millet;22770;0253670060;1534
colletantoinette@example.com;Costa;Antoinette;Mendes;37 boulevard de Navarro;AugerBourg;47848;+33 2 38 91 99 15;1535
bcosta@example.com;Dijoux;Anouk;Raynaud S.A.;32 avenue de Texier;Blanchet;25759;0481031720;1536
laurentfontaine@example.com;Camus;Marcelle;Parent Bernier S.A.;57 chemin Chauvet;Dupre-les-Bains;00297;04 58 43 23 83;1537
ylefevre@example.net;De Sousa;Valentine;Tanguy;813 rue de Perrin;Ribeiro-la-Foret;28921;+33 (0)3 73 21 96 24;1538
planglois@example.org;Pereira;Matthieu;Boyer SARL;92 chemin Alfred Gimenez;Duhamel;40648;05 45 65 48 58;1539
qmunoz@example.net;Coste;Olivier;Thibault;38 boulevard Delorme;Daniel;49870;+33 (0)1 47 46 97 90;1540
petitedouard@example.net;Vallee;Alphonse;Ollivier Bouvet SA;97 boulevard Jules Alves;Vallet-sur-Mer;98502;02 31 85 31 53;1541
qbaudry@example.net;Weber;Daniel;Thibault S.A.;6 chemin de Hernandez;Sainte Claudine;17294;0351316510;1542
odupre@example.org;Bouvet;Caroline;Bertin;75 chemin Vincent;Saint Auguste;49996;+33 4 57 33 02 38;1543
wmillet@example.org;Mallet;Suzanne;Delannoy;29 boulevard de Henry;Riviere-sur-Arnaud;09212;01 43 29 94 34;1544
william90@example.com;Ferrand;Clemence;Perret;22 rue Richard Lopes;Lacroix-les-Bains;87690;+33 (0)4 76 74 61 33;1545
loiseautheodore@example.org;Dupuis;Marcel;Prevost;rue Maury;Saint Odettedan;55624;0364268402;1546
yrenard@example.org;Legros;Isabelle;Legros;chemin Simon;Laroche;08679;02 31 23 72 81;1547
maggiehernandez@example.org;Guillon;Lucy;Leveque;21 rue David Leconte;Lebon;65154;+33 2 34 88 85 12;1548
guillaumealice@example.org;Allard;Denise;Cohen;455 rue de Techer;Hamondan;78035;+33 (0)3 80 33 83 30;1549
nathalie45@example.org;Merle;Olivie;Maillet SA;rue Legros;Valentin-les-Bains;82517;05 61 93 22 55;1550
xgrondin@example.com;Regnier;William;Raynaud;658 rue Pons;GuilbertBourg;47113;+33 (0)3 86 82 31 92;1551
guillounicole@example.net;Gilles;Laetitia;Gimenez et Fils;boulevard de Arnaud;Coulon-sur-Brun;11786;+33 (0)1 69 66 03 27;1552
susannedubois@example.net;Laroche;Suzanne;Marie S.A.;14 chemin de Chauvet;Lacroixboeuf;57551;+33 (0)4 68 59 59 36;1553
alexperez@example.org;Henry;Arthur;Joseph Becker S.A.R.L.;53 rue de Noel;Saint Denise-sur-Mer;34491;03 80 20 26 15;1554
pierremarcel@example.org;Samson;Clemence;Blin;836 boulevard Deschamps;Mace-sur-Mer;93265;+33 (0)2 41 65 60 15;1555
christianelamy@example.org;Boutin;Clemence;Guerin;17 rue Thomas;Saint Georges-les-Bains;45105;+33 (0)3 62 58 53 81;1556
suzannechauvet@example.com;Antoine;Michele;Hamon;26 chemin Auger;Gaillard;01582;+33 2 29 92 99 43;1557
bguillon@example.com;Imbert;Timothee;Gimenez Bousquet SA;7 chemin de Pires;Guillaume;73733;0272126592;1558
amelie14@example.org;Leclerc;Oceane;Morel Berthelot SA;221 chemin Georges;Gillesboeuf;93827;+33 (0)1 88 16 47 54;1559
ujoubert@example.com;Robert;Marcel;Meunier et Fils;26 boulevard de Pruvost;David-sur-Mer;71696;+33 (0)3 20 92 78 56;1560
valetteaimee@example.org;Diaz;Gabriel;Mary S.A.S.;15 boulevard de Marques;Pichon;99644;0276400586;1561
lthierry@example.net;Godard;Marguerite;Didier S.A.R.L.;86 chemin de Martins;Bigot;34601;+33 (0)4 42 88 67 90;1562
ppoirier@example.com;Samson;Alfred;Gimenez Cohen S.A.S.;chemin Martine De Oliveira;Hamonnec;77125;+33 2 28 13 62 52;1563
michellecosta@example.com;Barbier;Sophie;Lambert;13 chemin Auguste Traore;Bousquet-sur-Mallet;01623;+33 (0)4 90 34 85 70;1564
vincentdiallo@example.net;Leveque;Laurence;Denis;avenue Payet;Fernandez-sur-Gros;82403;03 20 02 11 96;1565
amaury@example.net;Delaunay;Jules;Masse;733 rue Amelie Gillet;Sainte Thibault;01418;0489914228;1566
alexdurand@example.com;Raynaud;Thibaut;Lamy SARL;73 boulevard Sophie Voisin;CarlierBourg;24905;+33 5 56 06 58 72;1567
michelledaniel@example.org;Gaudin;Zacharie;Renaud Neveu S.A.;85 rue de Merle;RoyVille;77581;0430758819;1568
philippinevidal@example.org;Vallee;Susan;Dumont Costa S.A.;67 avenue Leclercq;Chauvinnec;08707;0354048804;1569
bertrand15@example.net;Perrier;Thibault;Boulanger;3 boulevard Margot Thibault;Rousset-sur-Ferrand;09692;+33 4 34 17 10 79;1570
yvesthibault@example.com;Boutin;Juliette;Lenoir S.A.S.;29 rue de Letellier;Dijoux;79068;05 56 21 20 44;1571
mauriceeugene@example.com;Langlois;Elodie;Lecomte SARL;9 chemin de Louis;Saint Claudedan;00674;02 44 50 03 66;1572
bruncorinne@example.org;Dupuy;Julie;Normand;7 rue Lorraine Fouquet;Sainte Sophie;49902;+33 (0)5 79 98 54 62;1573
maggie07@example.org;Millet;Thierry;Jacquet Leleu et Fils;chemin de Blot;Mauricenec;12830;04 72 11 59 35;1574
gomesmatthieu@example.net;Rousseau;Laurence;Regnier et Fils;rue Duhamel;Sainte AndreBourg;16723;0248365671;1575
lleduc@example.net;Thibault;Etienne;Alexandre et Fils;87 rue Luce Georges;Saint Louise;11132;0329739468;1576
qbonneau@example.org;Berger;Auguste;Boulanger SARL;73 boulevard de Allard;Gregoire-sur-Marchand;72642;+33 (0)4 37 60 41 70;1577
uperez@example.net;Le Roux;Theophile;Gerard;69 chemin Thierry Charrier;Valentindan;26718;0524852508;1578
dhenry@example.org;Guichard;Louis;Charrier Chartier et Fils;21 avenue Zoe Lagarde;Carlier;09381;02 78 44 03 85;1579
michele14@example.net;Noel;Alexandrie;Da Costa SA;25 boulevard Joseph Diaz;Mahe-sur-Voisin;35955;+33 2 31 54 21 62;1580
torresrobert@example.org;Gomes;Andre;Lamy;5 rue de Roger;Parent-la-Foret;02446;+33 3 45 01 78 18;1581
margotda-costa@example.org;Fischer;Nathalie;Chartier;75 avenue Bouchet;Philippe;01831;0254963227;1582
pasquiermathilde@example.net;Camus;Gerard;Dos Santos;boulevard Ines Meyer;Sainte Maryse;45656;+33 (0)2 58 95 13 99;1583
nicolepierre@example.org;Gomes;Vincent;Samson;45 rue de Lecoq;Sainte Leonnec;35216;01 88 68 35 85;1584
jacquetfrancois@example.com;Barthelemy;Auguste;Robin S.A.S.;9 rue Therese Lacombe;Collet;69503;0484184105;1585
renee24@example.org;Hamon;Bertrand;Chauvet et Fils;33 boulevard Jeanne David;Lambert-la-Foret;26134;0249106297;1586
dbriand@example.com;Rousseau;Etienne;Pelletier;603 chemin Morel;Sainte Celine;33474;+33 (0)5 45 54 36 79;1587
delattreceline@example.net;Dufour;Philippe;Seguin;711 chemin Victor Lecomte;Fabre;35391;+33 3 23 63 25 98;1588
charrierclemence@example.org;Clerc;Capucine;Roche et Fils;86 avenue Madeleine Blot;Reynauddan;71049;+33 (0)4 92 70 82 50;1589
gerardvictor@example.org;Berger;Marianne;Delaunay;58 chemin de Hamon;Fernandez;71460;+33 (0)2 34 24 97 68;1590
georgesvallet@example.com;Cohen;Maggie;Hoarau Duval et Fils;82 chemin Renault;Duhamel;35067;0363383942;1591
jeromeroussel@example.com;Devaux;Therese;Roger Olivier et Fils;12 rue Pinto;Sainte Adrienne-les-Bains;16531;01 48 57 81 30;1592
guilletzacharie@example.net;Richard;Elisabeth;Pereira S.A.R.L.;471 chemin Alfred Brunet;Clerc;71297;0169400723;1593
maillardauguste@example.org;Pinto;Edith;Martin;17 rue Petitjean;Saint SophieVille;10842;0160505571;1594
weissbrigitte@example.com;Nicolas;Alexandre;Carre;1 rue Goncalves;Laurent-sur-Maillot;14141;0430247557;1595
alain13@example.com;Grondin;Stephane;Pruvost;55 avenue Robert Levy;Rodrigues;64145;03 66 03 31 36;1596
wlesage@example.org;Laurent;Claude;Marion S.A.R.L.;8 avenue Rolland;Denis;43601;+33 4 32 72 82 75;1597
godardsusanne@example.net;Lesage;Charles;Alves;260 avenue de Laine;Duval;62457;0484973569;1598
monnierdorothee@example.net;Rocher;Thibault;Weiss Marchand SA;578 chemin de Bourgeois;BergerBourg;90582;+33 (0)3 58 52 36 00;1599
adriennejourdan@example.org;Diallo;Olivie;Henry Marin S.A.S.;66 avenue Maurice Bonneau;Sainte Valentine;11782;05 81 97 49 75;1600
astrid16@example.com;Martins;Alphonse;Buisson Coste et Fils;8 boulevard Perez;PerretVille;52527;+33 (0)2 46 60 34 21;1601
adrienbarbe@example.org;Navarro;Matthieu;Berthelot S.A.S.;349 boulevard Jacquot;Laine;65858;+33 5 56 72 11 15;1602
ysanchez@example.com;Benoit;Helene;Neveu Breton et Fils;38 boulevard Daniel Muller;Lebreton;37061;0722148171;1603
antoine05@example.com;Menard;Bernadette;Langlois SARL;15 boulevard Theodore Marie;Payet;73875;+33 (0)2 19 12 12 15;1604
jeanguillon@example.com;Weber;Olivier;Cousin;rue de Thomas;Bernier-les-Bains;74326;0444072739;1605
ccolas@example.com;Raynaud;Alexandrie;Carre Da Costa S.A.S.;92 boulevard de Boulay;Saint Susan;37288;0143362564;1606
bazinwilliam@example.com;Huet;Charlotte;Parent;1 avenue de Le Gall;Bazin;71563;02 40 90 34 70;1607
edouard82@example.org;Guichard;Jacqueline;Besson;14 rue de Adam;Nguyennec;66818;03 22 02 36 73;1608
marcelle04@example.org;Da Silva;Madeleine;Muller;avenue de Seguin;Hamel;16187;+33 (0)2 35 00 53 34;1609
anouklambert@example.org;Hoarau;Olivie;Lelievre S.A.R.L.;86 rue David Gaillard;Sauvage;67412;0594855182;1610
antoinettemoreau@example.org;Clerc;Alex;Boutin;28 boulevard Vidal;MorvanBourg;50841;+33 3 87 01 61 36;1611
franck12@example.com;Bertin;Eleonore;Neveu S.A.R.L.;chemin de Joly;Lebrun;81295;+33 (0)4 58 54 23 93;1612
anastasie37@example.com;Camus;Simone;Rousset S.A.S.;boulevard Paul Hamel;Bonneau;00310;0564639012;1613
richarddominique@example.com;Merle;Celina;Reynaud Brun SARL;70 boulevard Aimee Gomez;Hernandez;47542;+33 (0)2 38 27 91 49;1614
emoulin@example.net;Descamps;Alphonse;Cousin S.A.R.L.;86 boulevard Benoit Thibault;Paris;84546;+33 (0)4 27 06 58 55;1615
emmanuelle21@example.org;Hardy;Margaux;Diallo;58 boulevard de Collet;Bouviernec;75204;0516626674;1616
rochersylvie@example.org;Fernandes;Adelaide;Riou SARL;58 boulevard de Nguyen;Gauthiernec;41875;+33 5 45 14 90 69;1617
fabrejosephine@example.com;Lacroix;Francoise;Costa S.A.S.;92 avenue Thierry Dupont;Guyot-sur-Mer;01297;01 88 88 98 26;1618
baillygabriel@example.net;Prevost;Catherine;Tessier;899 boulevard Gilbert Guyon;AlexandreVille;01824;+33 3 75 78 95 91;1619
andregrondin@example.com;Aubert;Christophe;Durand;95 avenue Jeannine Giraud;Bigot;89358;+33 4 70 00 86 94;1620
julielecomte@example.net;Laroche;Cecile;Gay;23 avenue de Dias;Roger-sur-Mer;34660;02 40 08 54 93;1621
margauxmartin@example.net;Moulin;Paul;Le Roux Robin S.A.R.L.;7 avenue de Delorme;Hamel;44504;0519464068;1622
adelaideleveque@example.com;Labbe;Colette;Torres Andre SARL;62 boulevard Margaux Baudry;Saint Eric-les-Bains;70582;05 62 12 19 95;1623
lejeunepaulette@example.org;Boulanger;Agnes;Vaillant S.A.S.;2 rue Maryse Charrier;Chauveau;86480;+33 (0)1 58 69 03 80;1624
kmonnier@example.com;Weiss;Alexandria;Grenier;919 boulevard de Huet;Dufour;47073;0326553138;1625
audrey28@example.net;Fleury;Christelle;Blot;73 rue de Hardy;Boyer;11069;02 99 37 44 82;1626
lagardegabrielle@example.net;Monnier;Lucie;Robin S.A.S.;2 chemin de Hebert;Charles-les-Bains;47845;+33 (0)4 86 11 87 32;1627
oliviersimone@example.net;Leleu;Alexandre;Olivier;boulevard Colas;Saint Alaindan;89263;01 80 82 91 06;1628
honoreparent@example.net;Leroy;Jacques;Dos Santos;42 chemin Sabine Pages;Evrardboeuf;32671;04 99 95 56 19;1629
hmaillot@example.org;Ollivier;Alexandrie;Renard;10 boulevard Alexandria Duval;Sainte Adelaide-la-Foret;06238;0231684492;1630
marcellethierry@example.net;Charles;Bernadette;Gimenez;rue de Guyon;Gosselindan;83439;0244451954;1631
thibault26@example.net;Andre;Margaret;Guillon S.A.;18 avenue de Hamel;Boutin-la-Foret;90853;+33 5 18 93 47 11;1632
theodore26@example.net;Neveu;Marthe;Goncalves;40 rue Adam;Fleury;90574;01 70 70 32 30;1633
bernadettepoulain@example.org;Lambert;Thomas;Foucher S.A.R.L.;53 boulevard Bernard Delannoy;Diallo;43553;02 29 71 47 39;1634
leblanccecile@example.org;Faivre;Eleonore;Verdier et Fils;67 rue Delmas;Bousquet;38699;+33 5 61 22 45 38;1635
rioudorothee@example.net;Bouvier;Denise;Rodrigues;8 chemin Faure;Robert-sur-Perrot;43248;+33 (0)2 28 04 51 40;1636
danielbaudry@example.com;Merle;Julien;Leduc Courtois SA;34 rue Benoit;Legendre-sur-Etienne;31502;+33 2 38 69 75 84;1637
chevalierdorothee@example.net;Vincent;Maryse;Robin Laine SARL;71 avenue de Picard;Rousset-la-Foret;03521;+33 (0)5 35 30 04 96;1638
adrienne09@example.net;Leclerc;Arthur;De Sousa;530 rue de Bonnin;Lefevre-sur-Collin;29872;+33 (0)3 85 28 71 65;1639
margotpoulain@example.org;Lombard;Margaret;Da Costa;415 chemin Bruneau;Lamy-la-Foret;13442;03 39 31 96 97;1640
aurore10@example.com;Roche;Gerard;Le Gall;rue de Lebrun;Meunier-sur-Mer;11666;+33 (0)3 81 56 32 13;1641
francois66@example.org;Rodrigues;Patrick;Barthelemy;14 boulevard Suzanne Alexandre;Dumas;10860;+33 2 30 07 02 53;1642
carolineperret@example.net;Bourgeois;Louis;Vallet;8 rue Virginie Guibert;Leclercq-sur-Mer;49121;0231605085;1643
eugeneblin@example.org;Guyon;Ines;Guillaume S.A.R.L.;78 rue Chevalier;Robinboeuf;02930;+33 (0)1 30 29 03 80;1644
thomas51@example.com;Durand;Alice;Bodin;3 chemin Gerard Gilbert;Poirier-les-Bains;15064;+33 (0)1 64 81 80 68;1645
cgomes@example.com;Fernandez;Alexandria;Delaunay et Fils;24 avenue Lefebvre;Ferreira;21210;+33 3 71 96 06 69;1646
marie29@example.com;David;Gilles;Lacroix et Fils;62 rue Mendes;Leleu-sur-Delannoy;32925;05 56 83 71 61;1647
isabellelacombe@example.com;Payet;Adrienne;Camus SARL;chemin Julie Pineau;Tessier;45624;+33 5 08 82 16 95;1648
virginie90@example.com;Chevallier;Alix;Traore Paris SARL;1 boulevard de Gauthier;Guibert;53611;+33 (0)2 99 35 99 29;1649
kgosselin@example.net;Marin;Agathe;Tessier SA;rue Jerome Gregoire;Benoit;64819;02 21 21 42 60;1650
matthieulegrand@example.net;Denis;Tristan;Herve;97 avenue Benard;Lemaitre;08941;+33 4 43 59 91 62;1651
kbuisson@example.com;Pires;Sophie;Berthelot;11 rue Eleonore Leclerc;Saint Stephanie;28179;+33 1 88 43 81 18;1652
lucas09@example.com;Lemonnier;Helene;Bernier;5 rue de Sauvage;Sainte Hugues;03920;+33 (0)8 02 32 77 09;1653
emmanuel29@example.org;Delannoy;Auguste;Gautier;84 avenue Lucas Couturier;Sainte Alfred;54534;+33 3 44 34 19 99;1654
evrardjean@example.net;Coste;Margaret;Caron;42 rue Honore Thomas;Saint Luce;82965;0357963319;1655
ledouxraymond@example.com;Lefort;David;Lebreton Buisson S.A.;624 chemin Victoire Paris;Saint Olivierdan;78222;+33 (0)4 91 59 34 01;1656
uturpin@example.net;Marion;Valentine;Pinto S.A.S.;86 rue Cecile Cohen;Barbier;65385;0415811472;1657
ugros@example.net;Barre;Margot;Valentin;467 chemin de Fischer;Nguyen-sur-Samson;77539;+33 (0)1 60 01 53 21;1658
bernard79@example.org;Tanguy;Eleonore;Jacquet SARL;59 boulevard de Bonneau;Dias;21579;+33 (0)3 22 56 99 54;1659
juliennicole@example.org;Gilles;Roland;Menard;26 chemin Victoire Perrin;Saint Edithboeuf;31503;+33 (0)2 62 35 12 42;1660
le-goffcorinne@example.org;Martin;Laurence;Meyer;26 rue de Roger;Philippe;04326;+33 3 60 08 70 14;1661
robertweber@example.org;Bonnin;Olivie;Fouquet Lopez SA;474 rue Theodore De Sousa;Legranddan;06673;+33 4 34 19 77 00;1662
steixeira@example.org;Texier;Christine;Lopez Morel S.A.R.L.;5 boulevard Boucher;Legendre;63221;01 53 32 79 74;1663
jacqueline70@example.com;Weber;Christiane;Marion SARL;rue Ferreira;Saint Alexandre-la-Foret;00854;+33 8 07 23 49 59;1664
marcel44@example.org;Meunier;Dominique;Maillard;22 chemin Audrey Payet;Goncalves;92737;+33 4 69 19 75 83;1665
dorothee79@example.org;Bernier;Corinne;Gauthier;53 rue Remy;Benoit;42847;05 49 93 94 68;1666
sabine76@example.com;Delorme;Capucine;Jacques Pasquier S.A.;794 rue de Huet;Weber;57343;+33 5 79 32 14 81;1667
capucinechevallier@example.net;Robert;Lucy;Philippe;743 rue de Hubert;Bouvier;36656;04 42 92 53 03;1668
roland20@example.org;Aubry;Nicole;Olivier;rue Levy;Saint Bernard;46508;+33 (0)3 39 89 95 79;1669
susanne36@example.net;Rocher;Celina;Lefebvre Paris et Fils;665 rue Aime Texier;Richard;14132;0519045537;1670
isaacleconte@example.org;Poirier;Thibault;Pires Bailly SARL;57 rue Bouvet;Renauddan;69413;+33 3 76 45 53 60;1671
dklein@example.net;Lamy;Amelie;Lamy;37 boulevard Boulay;Lebreton-sur-Allain;98584;+33 1 82 10 14 76;1672
hcamus@example.net;Lejeune;Yves;Petitjean;57 boulevard Julie Fleury;Leroy-sur-Mer;49783;0141364633;1673
caroline62@example.org;Fischer;Marcelle;Muller Cohen SA;62 chemin de Lefevre;Maury;86719;+33 3 54 25 63 42;1674
denisantoine@example.net;Parent;Christelle;Rousseau;541 rue de Mallet;Sainte Cecile;51083;+33 1 58 07 93 47;1675
tristan56@example.net;Gilles;Aurore;Grenier Tanguy SA;560 boulevard de Diallo;Gilles-sur-Laine;47902;04 70 64 07 81;1676
lebonnathalie@example.com;Descamps;Alain;Maillard;91 avenue Dos Santos;DuhamelBourg;94446;0141723358;1677
camille83@example.com;Poulain;Andree;Francois et Fils;3 avenue Hoareau;Bodin;42261;01 72 46 27 10;1678
arnaude04@example.net;Evrard;Matthieu;Chauvet;boulevard Rey;Salmon;51599;04 70 29 23 71;1679
vpetitjean@example.net;Leger;Nathalie;Muller SARL;266 rue Vaillant;LejeuneBourg;54230;03 85 95 34 05;1680
francoisecaron@example.com;Thibault;Nicole;Charrier S.A.R.L.;rue Chartier;Sanchez;02322;+33 (0)1 73 88 68 33;1681
colette80@example.org;Pierre;Marcel;Charrier SARL;25 rue Paris;Rocher-sur-Mer;76705;+33 (0)1 55 60 58 32;1682
aguillon@example.net;Aubry;Victoire;Mendes;66 chemin de Lemoine;Renault-sur-Couturier;67404;05 47 00 63 69;1683
cblondel@example.net;Martins;Augustin;Renault;943 boulevard Fontaine;Bigot-les-Bains;96148;+33 4 73 99 68 18;1684
zmendes@example.org;Ribeiro;Julie;Nicolas et Fils;rue Da Costa;Roger-sur-Albert;04221;0236030045;1685
louis51@example.com;Masson;Veronique;Evrard S.A.S.;2 rue Barbe;Meunier-la-Foret;35177;04 85 94 22 42;1686
gosselinolivier@example.com;Guillaume;Agnes;Bernard Lebrun et Fils;97 avenue Chauveau;Reynaud;93204;02 77 94 22 99;1687
emmanuelle04@example.com;Mary;Jacqueline;Simon SARL;chemin de Jacob;Regnier;03888;+33 (0)5 87 44 25 55;1688
oliviermasson@example.org;Jacquot;Rene;Lelievre;35 rue de Becker;Vaillant-sur-Fernandez;39271;+33 5 64 27 31 89;1689
sophie24@example.org;Boulay;Stephanie;Poirier;125 avenue Hernandez;Colasdan;53520;0490035725;1690
iduval@example.com;Nguyen;Zacharie;Riviere;88 rue de Loiseau;Lelievre-la-Foret;25773;0230681500;1691
aurore33@example.com;Bernier;Denis;Blin Barbier S.A.S.;890 rue Guyon;Pasquierboeuf;73973;02 49 73 54 03;1692
michele96@example.net;Blot;Thibault;Julien S.A.R.L.;boulevard Bourdon;Bonnin-sur-Blondel;31680;+33 2 99 76 21 20;1693
catherinegrondin@example.com;Schmitt;Penelope;Gilbert Pasquier et Fils;88 chemin Antoine Leclercq;Saint Luce;12712;04 87 41 85 22;1694
margot64@example.com;Labbe;David;Klein;7 rue Thomas Briand;LebrunVille;68414;05 24 16 72 97;1695
astrid85@example.org;Maury;Noemi;Bailly;539 chemin Nguyen;Sainte JosetteBourg;12343;+33 (0)5 65 54 84 41;1696
claudinebernier@example.com;Nguyen;Gregoire;Perrin;219 rue Vasseur;Sainte Ameliedan;97670;05 36 64 38 80;1697
agnes37@example.net;Riou;Christophe;Potier et Fils;3 avenue de Couturier;Delmas;40551;0140125186;1698
juliendidier@example.net;Charrier;Olivier;Humbert;19 rue Tanguy;Leroy-la-Foret;75407;0262592880;1699
